{
  "best_threshold": 0.3971271812915802,
  "target_recall": 0.9,
  "test_pr_auc": 0.7033179008904664
}